Metric,Value
Expected Price,345.2095484102684
5th Percentile,152.00832641921218
95th Percentile,648.527579060512
