Metric,Value
Mean Daily Return,0.0010957328544805344
Daily Volatility,0.027806890632624943
Historical VaR (95%),-0.04060351259871764
Monte Carlo VaR (95%),-0.4358612234898831
